name,address,phone,website,latitude,longitude,description,unique_selling_points,target_audience,emails,social_links
iCreativez Technologies,"Dominion center 1 main Jinnah Avenue, Behria Town Karachi, Bahria Town, Karachi, 78600, Pakistan","+92 333 0007008
",https://www.icreativez.com/,25.0073128,67.31096409999999,Award-winning IT Outsourcing Company in Pakistan in 2025 | Icreativez Technologies Success Stories Pricing Services web designing services Mobile App Development Company Custom Software Solutions Software Quality Services IT Consulting Services SharePoint Services E-Commerce Services Web Research Services WordPress Web Development Company Website Maintenance Services Ui/Ux Design Digital Marketing Digital Marketing Services Search Engine Optimization Google Ads Services Social Media Marketing Services Video animation services Branded SMS Marketing Service Hire Expert International SEO Consultant Local Seo Expert Dedicated Developers Dot Net Developers,"['Award-winning IT Outsourcing Company', 'Custom software development', 'SEO & Conversion Optimization', 'UX & content marketing strategy', 'Website Design & Development', 'Custom Mobile & Software Development', 'IT Consulting & Support', 'eCommerce Solutions']","Startups to enterprises, across industries and continents","['client.contact@icreativez.info', 'name@email.com']","['https://www.facebook.com/icreativez?mibextid=ZbWKwL', 'https://www.linkedin.com/company/icreativez/posts/?feedView=all', 'https://www.instagram.com/icreativeztechnologies?igsh=ajg5dzd0aGVqajk1']"
Systems Limited,"9 B, Sumya Building, Mohammad Ali Society Muhammad Ali Chs (Machs), Karachi, 12345, Pakistan",,https://www.systemsltd.com/,24.8759367,67.0882239,Enabling a digital tomorrow | Systems Limited,"['AI-driven intelligence', 'Hyper-personalization', 'Transformative change']","Enterprises, businesses, and organizations","['Investor_relations@systemsltd.com', 'Hasan.waleed@systemsltd.com']","['https://instagram.com/systems_limited/', 'https://www.youtube.com/@Systemsltd-officialpage', 'https://facebook.com/Systemslimited/', 'https://linkedin.com/company/systems-limited/', 'https://twitter.com/SystemsLtd']"
Contour Software Pvt. Ltd.,"SNCC 1/1-A, Prestige Trade Center, 4th Floor, Main Shaheed-e-Millat Rd, Karachi, 74200, Pakistan","+92 21 34306280
",https://contour-software.com/,24.883739,67.0575388,"Contour Software is a global technology leader providing software development, quality and delivery, professional services, and more to businesses worldwide.","['Empowering businesses through technology', 'Adjusting to the contours of the business units we serve', 'Providing exceptional value to clients', 'Housing top-tier talent for CSI business units across the globe']","Businesses worldwide, including utility companies, city transit systems, paper mills, schools, hospitals, hotels, manufacturing companies, construction firms, retailers, leasing, financing, and digital banking companies, agri-food businesses, amusement parks, museums, city governments, attorney offices, jails, and more.","['info@contour-software.com', 'careers@contour-software.com']","['https://twitter.com/ContourSoftware/', 'https://www.instagram.com/contoursoftwareltd/', 'https://pk.linkedin.com/company/contoursoftware', 'https://www.facebook.com/contoursoftware/', 'https://www.youtube.com/channel/UC4sAy4M7QrRkdOyk76qkCDQ/featured']"
Johar Software House,"، 80-A, Block 2 P.E.C.H.S., Karachi, Pakistan","+92 21 34303521
",http://www.joharhouse.com/,24.869158799999997,67.0525609,Software-Development - Johar Software House & Business Group,[],,[],[]
Disrupt.com (formerly Gaditek),"140-H Allama Iqbal Rd, Karachi, 75400, Pakistan","+92 21 111 388 873
",https://www.disrupt.com/,24.877555500000003,67.053189,AI-Powered Venture Building & Investment - Disrupt.com is building and backing the next wave of AI-first ventures.,"['Defy the odds by fueling bold ideas with capital, technology, and expertise, so that we can turn uncertainty into opportunity.', 'Built different by leveraging the experience and expertise of the leadership team to deliver successful outcomes.']",Exceptional founders and high-growth teams,[],['https://www.linkedin.com/company/disruptofficial/']
Folio3 Pvt Ltd,"Folio3 Tower, Plot 26 Shahra-e-Faisal, Karachi, 75100, Pakistan","+92 21 34323724
",http://www.folio3.com/,24.8593405,67.0554567,Digital Transformation Consultants & Service Provider,"['Cross Platform Apps', 'Flutter App Development', 'React Native App Development', 'Ionic App Development', 'Xamarin App Development', 'Sencha App Development', 'Nativescript App Development', 'Html5 App Development', 'Elearning Development Services', 'Native Mobile Apps', 'iOS App Development', 'Android App Development', 'Emerging Technologies', 'AR/VR App Development', 'IOT App Development', 'Wearable App Development', 'AI', 'Computer Vision', 'AI Drones', 'Predictive Analytics', 'Machine Learning', 'Natural Language Processing']","Industries: Automotive, Retail, Healthcare, Logistics, Agriculture, Education, Pharmaceuticals & Life Sciences",[],"['https://www.facebook.com/folio3software', 'https://www.linkedin.com/company/folio3/']"
Software House Pakistan,"Flat No F8،, North View Appartment، Sec 7d/1 Sector 7 D North Karachi, Karachi, 75850, Pakistan","+92 300 9247011
",http://www.softwarehousepakistan.com/,24.9672563,67.0524208,"Web Design Karachi | Web Development Company in Pakistan | Software House Pakistan. We are the foremost web design company in Pakistan, specializing in constructing robust architectures for your websites. Softwarehousepakistan.com is known for its dependable and credible work in web development, assisting various brands with their website design and development.","['Competitively priced website design services in Pakistan', 'Comprehensive range of packages tailored to meet various requirements and budgets', 'Flexible website design payment plans', 'Expertise in niche markets with tailor-made designs', 'Robust and functional designs for various industries']",Businesses and brands looking for web design and digital marketing services in Pakistan,[],[]
MangoTech Solutions,"704-705, Kawish Crown Plaza, Shahra-e-Faisal, Karachi, 75500, Pakistan","704-705, Kawish Crown Plaza, Shahra-e-Faisal",https://www.mangotechsolutions.com/,24.8651065,67.0788656,"MangoTech Solutions is a group of professional, experienced and enthusiastic IT individuals who are committed to create a better society through the influence of Information Technology. We are one of the Top software houses in Karachi always looking to adapt innovative ways to deliver best solutions for our clients.","['One-Window Solution', 'Consistency is King', 'Out of the box']",Pakistan's No.1 IT Company,"['careers@mangotechsolutions.com', 'info@mangotechsolutions.com']","['https://www.instagram.com/mangotech_solutions/', 'https://www.facebook.com/mangotechpk/']"
